,Year,Response,Standard Deviation
0,2008,1,2.3175426129409
1,2010,1,3.3526587647420274
2,2011,9,4.330469234323741
