,Year,Response,Standard Deviation
0,2018,1,2.9520655025320295
1,2010,2,7.349284765312602
