,Year,Response,Standard Deviation
0,2021,1,2.34857858721114
1,2022,1,2.8296610189118665
2,2008,4,5.158400664863196
3,2019,4,2.248603644373333
