,Year,Response,Standard Deviation
0,2018,1,5.724531826042937
1,2018,2,2.8177471220348473
2,2008,5,2.9049738617560794
3,2008,6,2.1872091471350874
