,Year,Response,Standard Deviation
0,2018,1,4.256922313767046
1,2022,1,3.9324679178435247
2,2010,4,2.074137786393017
3,2011,9,2.697934008896133
