,Year,Response,Standard Deviation
0,2015,1,6.986253550193988
1,2018,1,2.155293050695895
