,Year,Response,Standard Deviation
0,2019,4,2.1576537399740854
1,2022,4,2.164170781740399
