,Year,Response,Standard Deviation
0,2008,4,4.548691133910796
1,2011,9,5.774403256352967
