,Year,Response,Standard Deviation
0,2008,1,2.5885141766522497
1,2015,2,2.5179682367711838
2,2022,2,2.640633938206172
3,2008,9,4.364271305151027
