,Year,Response,Standard Deviation
0,2014,1,2.6908093509572186
1,2015,1,2.8237591646909532
2,2017,1,2.8975168702122325
3,2022,1,2.380903025237558
4,2009,2,3.5064828002513653
