,Year,Response,Standard Deviation
0,2008,1,3.6719759233251463
1,2015,1,4.367410845811108
2,2022,1,2.7150809280844475
