,Year,Response,Standard Deviation
0,2010,1,4.29103169554865
1,2015,1,3.4949967716307992
2,2020,4,3.247235765979018
