,Year,Response,Standard Deviation
0,2009,1,2.4793547921330865
1,2019,1,3.2102894831784905
2,2011,9,4.367515353434736
