,Year,Response,Standard Deviation
0,2017,1,4.377298724221923
1,2013,5,2.1119697208609893
2,2020,5,5.512998380474492
3,2022,5,2.893384061606198
