,Year,Response,Standard Deviation
0,2013,5,2.8672144846977465
1,2022,5,9.443925523347005
