,Year,Response,Standard Deviation
0,2009,1,3.577889787474743
1,2018,1,3.86171213212938
2,2009,2,2.930997907827568
3,2018,2,2.6239884222962853
