,Year,Response,Standard Deviation
0,2010,1,2.1976344009568747
1,2018,2,7.845671324551667
