,Year,Response,Standard Deviation
0,2008,4,3.035143656909483
1,2009,4,2.030088098382608
2,2018,4,4.134881232972
3,2019,4,4.128938846934197
