,Year,Response,Standard Deviation
0,2008,1,2.8291970579256387
1,2018,1,2.2352425805891665
2,2019,1,3.442294667371387
3,2021,1,2.087271343203948
