,Year,Response,Standard Deviation
0,2019,3,5.09120798895727
1,2019,4,5.654255187240023
