,Year,Response,Standard Deviation
0,2019,4,2.1148464030521743
1,2019,99,3.04237644344121
