,Year,Response,Standard Deviation
0,2017,99,3.0294008920232827
1,2022,99,6.470577739511024
