,Year,Response,Standard Deviation
0,2020,6,2.885879024434958
1,2022,99,2.148526564672861
