,Year,Response,Standard Deviation
0,2008,1,3.073850178716673
1,2013,1,3.299199120700882
2,2019,4,2.482271088798723
3,2008,9,3.695008223130521
