,Year,Response,Standard Deviation
0,2008,4,2.558405414032892
1,2010,4,4.440207111796057
2,2011,4,2.6692749470655013
3,2014,4,2.581652251604245
