,Year,Response,Standard Deviation
0,2015,1,4.081791088426899
1,2014,3,7.064910231220746
