,Year,Response,Standard Deviation
0,2008,4,4.128146886801022
1,2014,4,2.7771132837204378
2,2019,4,4.274767522685524
