,Year,Response,Standard Deviation
0,2018,4,2.2289623455611274
1,2019,4,2.3977744932198504
