,Year,Response,Standard Deviation
0,2019,3,2.163136300208575
1,2018,4,2.0594860191569144
2,2021,4,2.003499735961127
