,Year,Response,Standard Deviation
0,2010,1,2.2009638355494503
1,2008,4,4.854209604300567
2,2019,4,2.3667079305497305
3,2011,9,2.804522521116508
