,Year,Response,Standard Deviation
0,2009,1,4.3817506381290805
1,2018,1,3.29607612366244
2,2009,2,2.446481168046263
