,Year,Response,Standard Deviation
0,2008,1,2.101722989813055
1,2011,1,3.2200587645989143
2,2013,1,2.639370390998429
3,2017,1,2.8056982166025883
4,2021,1,2.1826983785940275
5,2008,4,3.3710669220553218
