,Year,Response,Standard Deviation
0,2011,6,13.525924728214505
1,2015,7,2.0442764902669572
2,2008,98,2.0077796765509373
3,2022,99,3.1777179100191306
