,Year,Response,Standard Deviation
0,2014,1,2.314666537150249
1,2015,1,2.7798939938941802
2,2019,1,3.3298082453645472
3,2019,5,3.280315962732214
