,Year,Response,Standard Deviation
0,2009,1,3.96506435409908
1,2009,2,3.288306054651726
2,2011,9,3.4734845145993343
