,Year,Response,Standard Deviation
0,2020,5,7.592143386265659
1,2017,99,4.37405706249189
