,Year,Response,Standard Deviation
0,2011,2,3.346759790153014
1,2015,2,5.047625375164833
2,2021,2,2.24226316200293
