,Year,Response,Standard Deviation
0,2010,4,4.375465511393904
1,2022,4,4.971904874608824
