,Year,Response,Standard Deviation
0,2008,1,3.8723726489298986
1,2019,4,2.307499823898858
2,2010,5,2.363051236977656
3,2016,5,2.412313810839986
