,Year,Response,Standard Deviation
0,2020,3,2.0388897374747526
1,2017,4,3.0209610578700836
2,2021,4,4.274882559907024
