,Year,Response,Standard Deviation
0,2008,4,2.1431603787769626
1,2008,5,5.627307041952814
2,2015,5,2.296122915209073
3,2019,5,3.3354441223471176
