,Year,Response,Standard Deviation
0,2009,1,2.1282572139804916
1,2011,1,2.2957994243446107
2,2008,4,2.5012573767060258
3,2014,4,3.4935479920540575
