,Year,Response,Standard Deviation
0,2008,4,2.673497562844976
1,2017,4,3.2124708500662815
2,2019,4,4.225611017227774
3,2009,9,2.9590057904779052
