,Year,Response,Standard Deviation
0,2010,99,6.756975478190399
1,2022,99,4.271593280157843
